id,group,pri,recipe,file,w,h
STO-01,STO,MVP,gauge_frame,2d/ui/hud/sto_01_stomach_gauge_frame.png,512,256
STO-02,STO,MVP,gauge_mask,2d/ui/hud/sto_02_stomach_gauge_inner_mask.png,512,256
STO-03,STO,MVP,gauge_fill,2d/ui/hud/sto_03_fill_layer_1_0_to.png,256,256
STO-04,STO,MVP,gauge_fill,2d/ui/hud/sto_04_fill_layer_2_34_to.png,256,256
STO-05,STO,MVP,gauge_fill,2d/ui/hud/sto_05_fill_layer_3_67_to.png,256,256
STO-06,STO,P1,gauge_frame,2d/ui/hud/sto_06_overflow_state.png,512,256
STO-07,STO,P1,generic,2d/ui/hud/sto_07_capacity_tick_marks.png,128,64
STO-08,STO,P1,gauge_frame,2d/ui/hud/sto_08_greedy_pulse_rim.png,512,256
STO-09,STO,MVP,vignette,2d/ui/hud/sto_09_nausea_vignette.png,1024,1024
STO-10,STO,P1,gauge_mask,2d/ui/hud/sto_10_slosh_distortion_mask_01.png,256,256
STO-10,STO,P1,gauge_mask,2d/ui/hud/sto_10_slosh_distortion_mask_02.png,256,256
STO-11,STO,P1,ring,2d/ui/hud/sto_11_digest_progress_ring.png,256,256
STO-12,STO,P1,icon,2d/ui/hud/sto_12_empty_stomach_silhouette.png,256,256
STO-13,STO,P1,icon,2d/ui/hud/sto_13_full_block_icon.png,128,128
STO-14,STO,MVP,gauge_frame,2d/ui/hud/sto_14_toilet_bowl_gauge.png,512,256
STO-15,STO,MVP,gauge_fill,2d/ui/hud/sto_15_vomit_stream_fill.png,256,256
STO-16,STO,P1,gauge_mask,2d/ui/hud/sto_16_stage_distortion_overlays_x6_01.png,256,256
STO-16,STO,P1,gauge_mask,2d/ui/hud/sto_16_stage_distortion_overlays_x6_02.png,256,256
STO-16,STO,P1,gauge_mask,2d/ui/hud/sto_16_stage_distortion_overlays_x6_03.png,256,256
STO-16,STO,P1,gauge_mask,2d/ui/hud/sto_16_stage_distortion_overlays_x6_04.png,256,256
STO-16,STO,P1,gauge_mask,2d/ui/hud/sto_16_stage_distortion_overlays_x6_05.png,256,256
STO-16,STO,P1,gauge_mask,2d/ui/hud/sto_16_stage_distortion_overlays_x6_06.png,256,256
STO-17,STO,P1,digits,2d/ui/hud/sto_17_fullness_numerals.png,256,128
STO-18,STO,P2,vignette,2d/ui/hud/sto_18_overfull_screen_tint.png,1024,1024
HND-17,HND,P1,hand,2d/fx/hnd_17_depth_grime_overlay.png,512,512
HND-18,HND,P1,atlas,2d/ui/hud/hands/hnd_18_hand_portrait_set.png,768,512
HND-19,HND,P1,atlas,2d/ui/hud/hands/hnd_19_hand_stage_icons_x6.png,384,256
HND-21,HND,P1,hand,2d/ui/hud/hands/hnd_21_stomach_bulge_frame_overlay.png,1024,256
DEP-01,DEP,MVP,generic,2d/ui/hud/dep_01_depth_meter_frame.png,256,1024
DEP-02,DEP,MVP,generic,2d/ui/hud/dep_02_depth_meter_fill_strip.png,64,1024
DEP-03,DEP,P1,generic,2d/ui/hud/dep_03_depth_tick_texture.png,64,512
DEP-04,DEP,MVP,generic,2d/ui/hud/dep_04_band_divider_marker.png,64,32
DEP-05,DEP,MVP,generic,2d/ui/hud/dep_05_band_label_b01.png,512,128
DEP-06,DEP,MVP,generic,2d/ui/hud/dep_06_band_label_b02.png,512,128
DEP-07,DEP,P1,generic,2d/ui/hud/dep_07_band_label_b03.png,512,128
DEP-08,DEP,P1,generic,2d/ui/hud/dep_08_band_label_b04.png,512,128
DEP-09,DEP,P1,generic,2d/ui/hud/dep_09_band_label_b05.png,512,128
DEP-10,DEP,P1,generic,2d/ui/hud/dep_10_band_label_b06.png,512,128
DEP-11,DEP,P1,generic,2d/ui/hud/dep_11_band_label_b07.png,512,128
DEP-12,DEP,P1,generic,2d/ui/hud/dep_12_band_label_b08.png,512,128
DEP-13,DEP,MVP,card,2d/ui/hud/dep_13_band_change_banner_frame.png,1024,256
DEP-14,DEP,P1,generic,2d/ui/hud/dep_14_banner_accent_sweep.png,512,64
DEP-15,DEP,P1,card,2d/ui/hud/dep_15_depth_milestone_frame.png,512,256
DEP-16,DEP,P1,icon,2d/ui/hud/dep_16_milestone_seal.png,256,256
DEP-17,DEP,MVP,digits,2d/ui/hud/dep_17_depth_numerals.png,256,128
DEP-18,DEP,P1,icon,2d/ui/hud/dep_18_personal_best_marker.png,64,64
DEP-19,DEP,MVP,icon,2d/ui/hud/dep_19_surface_direction_arrow.png,128,128
DEP-20,DEP,P1,generic,2d/ui/hud/dep_20_home_bearing_chip.png,256,128
DEP-21,DEP,P1,icon,2d/ui/hud/dep_21_depth_danger_hint_arrow.png,128,128
DEP-22,DEP,P2,generic,2d/ui/hud/dep_22_band_progress_ladder.png,128,512
CMP-01,CMP,MVP,nineslice,2d/ui/hud/cmp_01_compass_frame.png,512,512
CMP-02,CMP,MVP,generic,2d/ui/hud/cmp_02_compass_rose_face.png,512,512
CMP-03,CMP,MVP,icon,2d/ui/hud/cmp_03_north_needle.png,128,256
CMP-04,CMP,MVP,icon,2d/ui/hud/cmp_04_restroom_needle.png,128,256
CMP-05,CMP,P1,ring,2d/ui/hud/cmp_05_depth_tick_ring.png,512,512
CMP-06,CMP,P1,vignette,2d/ui/hud/cmp_06_compass_glass_grime.png,512,512
CMP-07,CMP,P1,vignette,2d/ui/hud/cmp_07_cracked_glass_state.png,512,512
CMP-08,CMP,P2,generic,2d/ui/hud/cmp_08_compass_bracket_mount.png,256,128
CMP-09,CMP,MVP,nineslice,2d/ui/hud/cmp_09_canary_cage_frame.png,256,256
CMP-10,CMP,MVP,generic,2d/ui/hud/cmp_10_canary_idle_portrait.png,256,256
CMP-11,CMP,MVP,generic,2d/ui/hud/cmp_11_canary_alert_portrait.png,256,256
CMP-12,CMP,P1,generic,2d/ui/hud/cmp_12_canary_distress_portrait.png,256,256
CMP-13,CMP,P1,atlas,2d/ui/hud/cmp_13_canary_status_icon.png,128,64
CMP-15,CMP,P2,generic,2d/ui/hud/cmp_15_canary_tether_line.png,64,256
CMP-16,CMP,P1,icon,2d/ui/hud/cmp_16_off_route_warning_icon.png,128,128
CMP-17,CMP,TBD,nineslice,2d/ui/hud/cmp_17_canary_report_popup.png,512,256
CMP-18,CMP,P1,icon,2d/ui/hud/cmp_18_canary_placeholder_badge.png,64,64
ICO-01,ICO,MVP,nineslice,2d/ui/icons/ico_01_legend_panel_frame.png,1024,512
ICO-02,ICO,P1,generic,2d/ui/icons/ico_02_legend_tab_normal.png,256,64
ICO-03,ICO,P1,generic,2d/ui/icons/ico_03_legend_tab_hover.png,256,64
ICO-04,ICO,P1,generic,2d/ui/icons/ico_04_legend_tab_selected.png,256,64
ICO-05,ICO,MVP,icon,2d/ui/icons/ico_05_unknown_tissue_icon.png,128,128
ICO-06,ICO,MVP,icon,2d/ui/icons/ico_06_muscle_fibre_icon_t01.png,128,128
ICO-07,ICO,MVP,icon,2d/ui/icons/ico_07_fat_lobe_icon_t02.png,128,128
ICO-08,ICO,MVP,icon,2d/ui/icons/ico_08_fascia_sheet_icon_t03.png,128,128
ICO-09,ICO,MVP,icon,2d/ui/icons/ico_09_glandular_sac_icon_t04.png,128,128
ICO-10,ICO,MVP,icon,2d/ui/icons/ico_10_cartilage_plate_icon_t05.png,128,128
ICO-11,ICO,MVP,icon,2d/ui/icons/ico_11_nerve_cluster_icon_t06.png,128,128
ICO-12,ICO,MVP,icon,2d/ui/icons/ico_12_tumor_growth_icon_t07.png,128,128
ICO-13,ICO,P1,icon,2d/ui/icons/ico_13_mucosa_film_icon_t08.png,128,128
ICO-14,ICO,P1,icon,2d/ui/icons/ico_14_shell_plate_icon_t09.png,128,128
ICO-15,ICO,P1,icon,2d/ui/icons/ico_15_scar_tissue_icon_t10.png,128,128
ICO-16,ICO,MVP,legend,2d/ui/icons/ico_16_legend_card_muscle.png,512,256
ICO-17,ICO,MVP,legend,2d/ui/icons/ico_17_legend_card_fat.png,512,256
ICO-18,ICO,MVP,legend,2d/ui/icons/ico_18_legend_card_fascia.png,512,256
ICO-19,ICO,P1,legend,2d/ui/icons/ico_19_legend_card_glandular.png,512,256
ICO-20,ICO,P1,legend,2d/ui/icons/ico_20_legend_card_cartilage.png,512,256
ICO-21,ICO,MVP,legend,2d/ui/icons/ico_21_legend_card_nerve.png,512,256
ICO-22,ICO,P1,legend,2d/ui/icons/ico_22_legend_card_tumor.png,512,256
ICO-23,ICO,P1,legend,2d/ui/icons/ico_23_legend_card_mucosa.png,512,256
ICO-24,ICO,P1,legend,2d/ui/icons/ico_24_legend_card_shell.png,512,256
ICO-25,ICO,P1,legend,2d/ui/icons/ico_25_legend_card_scar.png,512,256
ICO-26,ICO,MVP,nineslice,2d/ui/icons/ico_26_legend_tooltip_bubble.png,512,128
ICO-27,ICO,P1,atlas,2d/ui/icons/ico_27_colour_blind_safe_icon_atlas.png,1280,256
ICO-28,ICO,P1,atlas,2d/ui/icons/ico_28_high_contrast_nerve_icon.png,128,128
CDX-01,CDX,MVP,generic,2d/ui/codex/cdx_01_codex_cover.png,1024,1024
CDX-02,CDX,MVP,generic,2d/ui/codex/cdx_02_codex_page_base.png,1024,1024
CDX-03,CDX,MVP,nineslice,2d/ui/codex/cdx_03_page_inner_panel.png,896,960
CDX-04,CDX,MVP,icon,2d/ui/codex/cdx_04_category_tab_icon_growths.png,128,128
CDX-05,CDX,MVP,icon,2d/ui/codex/cdx_05_category_tab_icon_nerves.png,128,128
CDX-06,CDX,P1,icon,2d/ui/codex/cdx_06_category_tab_icon_tissues.png,128,128
CDX-07,CDX,P1,icon,2d/ui/codex/cdx_07_category_tab_icon_infrastructure.png,128,128
CDX-08,CDX,P1,icon,2d/ui/codex/cdx_08_tab_state_normal.png,128,128
CDX-09,CDX,P1,icon,2d/ui/codex/cdx_09_tab_state_hover.png,128,128
CDX-10,CDX,P1,icon,2d/ui/codex/cdx_10_tab_state_selected.png,128,128
CDX-11,CDX,MVP,icon,2d/ui/codex/cdx_11_slot_unknown.png,256,256
CDX-12,CDX,MVP,icon,2d/ui/codex/cdx_12_slot_discovered.png,256,256
CDX-13,CDX,MVP,icon,2d/ui/codex/cdx_13_slot_catalogued.png,256,256
CDX-14,CDX,MVP,nineslice,2d/ui/codex/cdx_14_entry_portrait_frame.png,512,512
CDX-15,CDX,MVP,nineslice,2d/ui/codex/cdx_15_entry_detail_card.png,1024,512
CDX-16,CDX,MVP,generic,2d/ui/codex/cdx_16_newly_catalogued_stamp.png,256,256
CDX-17,CDX,P1,ring,2d/ui/codex/cdx_17_completeness_arc_gauge.png,256,256
CDX-18,CDX,P2,generic,2d/ui/codex/cdx_18_codex_complete_stamp.png,512,512
CDX-19,CDX,P1,generic,2d/ui/codex/cdx_19_list_row_highlight.png,1024,64
CDX-20,CDX,P2,flipbook,2d/ui/codex/cdx_20_page_turn_wipe_01.png,2048,1024
CDX-20,CDX,P2,flipbook,2d/ui/codex/cdx_20_page_turn_wipe_02.png,2048,1024
CDX-21,CDX,P1,generic,2d/art/codex/cdx_21_specimen_portrait_pack_tier_1_01.png,512,512
CDX-21,CDX,P1,generic,2d/art/codex/cdx_21_specimen_portrait_pack_tier_1_02.png,512,512
CDX-21,CDX,P1,generic,2d/art/codex/cdx_21_specimen_portrait_pack_tier_1_03.png,512,512
CDX-21,CDX,P1,generic,2d/art/codex/cdx_21_specimen_portrait_pack_tier_1_04.png,512,512
CDX-21,CDX,P1,generic,2d/art/codex/cdx_21_specimen_portrait_pack_tier_1_05.png,512,512
CDX-21,CDX,P1,generic,2d/art/codex/cdx_21_specimen_portrait_pack_tier_1_06.png,512,512
CDX-21,CDX,P1,generic,2d/art/codex/cdx_21_specimen_portrait_pack_tier_1_07.png,512,512
CDX-21,CDX,P1,generic,2d/art/codex/cdx_21_specimen_portrait_pack_tier_1_08.png,512,512
CDX-21,CDX,P1,generic,2d/art/codex/cdx_21_specimen_portrait_pack_tier_1_09.png,512,512
CDX-21,CDX,P1,generic,2d/art/codex/cdx_21_specimen_portrait_pack_tier_1_10.png,512,512
CDX-21,CDX,P1,generic,2d/art/codex/cdx_21_specimen_portrait_pack_tier_1_11.png,512,512
CDX-21,CDX,P1,generic,2d/art/codex/cdx_21_specimen_portrait_pack_tier_1_12.png,512,512
CDX-22,CDX,P2,generic,2d/art/codex/cdx_22_specimen_portrait_pack_tier_2_01.png,512,512
CDX-22,CDX,P2,generic,2d/art/codex/cdx_22_specimen_portrait_pack_tier_2_02.png,512,512
CDX-22,CDX,P2,generic,2d/art/codex/cdx_22_specimen_portrait_pack_tier_2_03.png,512,512
CDX-22,CDX,P2,generic,2d/art/codex/cdx_22_specimen_portrait_pack_tier_2_04.png,512,512
CDX-22,CDX,P2,generic,2d/art/codex/cdx_22_specimen_portrait_pack_tier_2_05.png,512,512
CDX-22,CDX,P2,generic,2d/art/codex/cdx_22_specimen_portrait_pack_tier_2_06.png,512,512
CDX-22,CDX,P2,generic,2d/art/codex/cdx_22_specimen_portrait_pack_tier_2_07.png,512,512
CDX-22,CDX,P2,generic,2d/art/codex/cdx_22_specimen_portrait_pack_tier_2_08.png,512,512
CDX-22,CDX,P2,generic,2d/art/codex/cdx_22_specimen_portrait_pack_tier_2_09.png,512,512
CDX-22,CDX,P2,generic,2d/art/codex/cdx_22_specimen_portrait_pack_tier_2_10.png,512,512
CDX-22,CDX,P2,generic,2d/art/codex/cdx_22_specimen_portrait_pack_tier_2_11.png,512,512
CDX-22,CDX,P2,generic,2d/art/codex/cdx_22_specimen_portrait_pack_tier_2_12.png,512,512
CDX-23,CDX,P2,generic,2d/art/codex/cdx_23_infrastructure_photo_pack_01.png,512,512
CDX-23,CDX,P2,generic,2d/art/codex/cdx_23_infrastructure_photo_pack_02.png,512,512
CDX-23,CDX,P2,generic,2d/art/codex/cdx_23_infrastructure_photo_pack_03.png,512,512
CDX-23,CDX,P2,generic,2d/art/codex/cdx_23_infrastructure_photo_pack_04.png,512,512
CDX-23,CDX,P2,generic,2d/art/codex/cdx_23_infrastructure_photo_pack_05.png,512,512
CDX-23,CDX,P2,generic,2d/art/codex/cdx_23_infrastructure_photo_pack_06.png,512,512
CDX-23,CDX,P2,generic,2d/art/codex/cdx_23_infrastructure_photo_pack_07.png,512,512
CDX-23,CDX,P2,generic,2d/art/codex/cdx_23_infrastructure_photo_pack_08.png,512,512
RST-01,RST,MVP,icon,2d/ui/panels/rst_01_toilet_interaction_prompt.png,128,128
RST-02,RST,MVP,nineslice,2d/ui/panels/rst_02_bowl_fill_gauge.png,512,256
RST-03,RST,P1,vignette,2d/ui/panels/rst_03_bowl_overflow_puff.png,256,256
RST-04,RST,MVP,texture,3d/textures/restroom/rst_04_white_wall_tile_albedo.png,2048,2048
RST-05,RST,MVP,texture,3d/textures/restroom/rst_05_tile_grout_normal.png,2048,2048
RST-06,RST,P1,texture,3d/textures/restroom/rst_06_tile_roughness.png,2048,2048
RST-07,RST,MVP,texture,3d/textures/restroom/rst_07_floor_tile_albedo.png,2048,2048
RST-08,RST,MVP,texture,3d/textures/restroom/rst_08_stainless_fixture_albedo.png,1024,1024
RST-09,RST,P1,nineslice,2d/ui/panels/rst_09_flush_lever_icon.png,256,256
RST-10,RST,P1,texture,2d/ui/panels/rst_10_restroom_sign_plate.png,512,256
RST-11,RST,MVP,generic,2d/ui/panels/rst_11_door_gap_bleed.png,256,512
RST-12,RST,MVP,vignette,2d/ui/panels/rst_12_safe_zone_white_bloom.png,1024,1024
RST-13,RST,P1,vignette,2d/ui/panels/rst_13_clean_vignette.png,1024,1024
RST-14,RST,P1,texture,3d/textures/restroom/rst_14_ceiling_light_fixture.png,1024,1024
RST-15,RST,P1,texture,3d/textures/restroom/rst_15_mirror_plate.png,1024,1024
RST-16,RST,P2,icon,2d/ui/panels/rst_16_paper_towel_dryer_signage_01.png,256,256
RST-16,RST,P2,icon,2d/ui/panels/rst_16_paper_towel_dryer_signage_02.png,256,256
RST-17,RST,P1,texture,3d/textures/restroom/rst_17_progress_wall_board.png,2048,2048
RST-18,RST,P1,generic,2d/ui/panels/rst_18_progress_wall_pin_set_01.png,256,256
RST-18,RST,P1,generic,2d/ui/panels/rst_18_progress_wall_pin_set_02.png,256,256
RST-18,RST,P1,generic,2d/ui/panels/rst_18_progress_wall_pin_set_03.png,256,256
RST-18,RST,P1,generic,2d/ui/panels/rst_18_progress_wall_pin_set_04.png,256,256
RST-19,RST,MVP,vignette,2d/ui/panels/rst_19_restroom_clean_transition_overlay.png,1024,1024
BAND-01,BAND,MVP,nineslice,2d/art/depth/band_01_band_card_frame.png,1920,1080
BAND-02,BAND,MVP,keyart,2d/art/depth/band_02_b01_surface_epithelium_art.png,1920,1080
BAND-03,BAND,MVP,keyart,2d/art/depth/band_03_b02_dermal_stratum_art.png,1920,1080
BAND-04,BAND,P1,keyart,2d/art/depth/band_04_b03_fascia_sheet_art.png,1920,1080
BAND-05,BAND,P1,keyart,2d/art/depth/band_05_b04_muscle_sheath_art.png,1920,1080
BAND-06,BAND,P1,keyart,2d/art/depth/band_06_b05_glandular_cluster_art.png,1920,1080
BAND-07,BAND,P1,keyart,2d/art/depth/band_07_b06_nerve_braid_art.png,1920,1080
BAND-08,BAND,P1,keyart,2d/art/depth/band_08_b07_cavity_vault_art.png,1920,1080
BAND-09,BAND,P1,keyart,2d/art/depth/band_09_b08_peristaltic_corridor_art.png,1920,1080
BAND-10,BAND,P2,generic,2d/art/depth/band_10_band_divider_flourish.png,1024,64
MNU-01,MNU,MVP,keyart,2d/ui/menu/mnu_01_main_menu_background.png,1920,1080
MNU-02,MNU,MVP,logo,2d/ui/menu/mnu_02_menu_logo_plate.png,2048,512
MNU-03,MNU,MVP,nineslice,2d/ui/menu/mnu_03_menu_panel_frame.png,1024,1024
MNU-04,MNU,MVP,atlas,2d/ui/menu/mnu_04_menu_button_states.png,1024,256
MNU-05,MNU,MVP,nineslice,2d/ui/menu/mnu_05_settings_panel_frame.png,1024,1024
MNU-06,MNU,P1,atlas,2d/ui/menu/mnu_06_settings_category_tabs.png,1024,192
MNU-07,MNU,MVP,atlas,2d/ui/menu/mnu_07_checkbox_states.png,128,128
MNU-08,MNU,P1,atlas,2d/ui/menu/mnu_08_toggle_switch_states.png,288,96
MNU-09,MNU,MVP,nineslice,2d/ui/menu/mnu_09_slider_track_fill.png,64,16
MNU-10,MNU,P1,atlas,2d/ui/menu/mnu_10_slider_knob_states.png,96,96
MNU-11,MNU,P1,atlas,2d/ui/menu/mnu_11_dropdown_arrow_states.png,96,96
MNU-12,MNU,MVP,vignette,2d/ui/menu/mnu_12_pause_overlay.png,1920,1080
MNU-13,MNU,P1,nineslice,2d/ui/menu/mnu_13_controls_rebind_panel.png,1024,512
MNU-14,MNU,P1,atlas,2d/ui/menu/mnu_14_input_glyph_set.png,512,512
MNU-15,MNU,P1,icon,2d/ui/menu/mnu_15_save_slot_indicator_01.png,128,64
MNU-15,MNU,P1,icon,2d/ui/menu/mnu_15_save_slot_indicator_02.png,128,64
MNU-16,MNU,MVP,nineslice,2d/ui/menu/mnu_16_confirm_dialog_frame.png,768,384
MNU-17,MNU,P2,keyart,2d/ui/menu/mnu_17_credits_background.png,1920,1080
MNU-18,MNU,MVP,atlas,2d/ui/menu/mnu_18_ui_font_bitmap_set.png,512,512
MNU-19,MNU,MVP,keyart,2d/ui/menu/mnu_19_title_screen_backdrop.png,1920,1080
MNU-20,MNU,P2,nineslice,2d/ui/menu/mnu_20_first_run_card.png,1024,512
DTH-01,DTH,MVP,vignette,2d/ui/panels/dth_01_death_vignette.png,1024,1024
DTH-02,DTH,MVP,card,2d/ui/panels/dth_02_death_screen_card.png,1024,512
DTH-03,DTH,MVP,icon,2d/ui/panels/dth_03_drop_beacon_world_icon.png,256,256
DTH-04,DTH,P1,icon,2d/ui/panels/dth_04_beacon_hud_chip.png,128,64
DTH-05,DTH,MVP,nineslice,2d/ui/panels/dth_05_recover_objective_card.png,512,128
DTH-06,DTH,MVP,glow,2d/ui/panels/dth_06_items_recovered_flash.png,512,512
DTH-07,DTH,MVP,vignette,2d/ui/panels/dth_07_respawn_white_fade.png,1024,1024
DTH-08,DTH,P1,icon,2d/ui/panels/dth_08_belongings_cache_marker.png,128,128
DTH-09,DTH,P2,vignette,2d/ui/panels/dth_09_death_heartbeat_overlay.png,1024,1024
TUT-01,TUT,MVP,icon,2d/ui/prompts/tut_01_first_contact_prompt.png,256,256
TUT-02,TUT,MVP,ring,2d/ui/prompts/tut_02_chew_hold_ring.png,256,256
TUT-03,TUT,MVP,icon,2d/ui/prompts/tut_03_swallow_prompt.png,128,128
TUT-04,TUT,MVP,icon,2d/ui/prompts/tut_04_first_full_stomach_prompt.png,512,256
TUT-05,TUT,MVP,icon,2d/ui/prompts/tut_05_return_home_hand_off.png,512,256
TUT-06,TUT,MVP,icon,2d/ui/prompts/tut_06_first_vomit_prompt.png,256,256
TUT-07,TUT,MVP,nineslice,2d/ui/prompts/tut_07_first_mutation_reveal_card.png,1024,512
TUT-08,TUT,MVP,icon,2d/ui/prompts/tut_08_first_nerve_contact_prompt.png,256,256
TUT-09,TUT,P1,icon,2d/ui/prompts/tut_09_first_codex_pickup_prompt.png,256,256
TUT-10,TUT,P1,nineslice,2d/ui/prompts/tut_10_first_death_prompt.png,512,256
TUT-11,TUT,P1,vignette,2d/ui/prompts/tut_11_highlight_overlay.png,1920,1080
TUT-12,TUT,P1,nineslice,2d/ui/prompts/tut_12_tooltip_bubble.png,512,128
TUT-13,TUT,P1,nineslice,2d/ui/prompts/tut_13_objective_toast_frame.png,768,128
TUT-14,TUT,P1,nineslice,2d/ui/prompts/tut_14_help_overlay_background.png,1920,1080
LDG-01,LDG,MVP,keyart,2d/art/loading/ldg_01_loading_frame.png,1920,1080
LDG-02,LDG,P1,generic,2d/art/loading/ldg_02_band_tip_art_b01_to_01.png,1920,1080
LDG-02,LDG,P1,generic,2d/art/loading/ldg_02_band_tip_art_b01_to_02.png,1920,1080
LDG-02,LDG,P1,generic,2d/art/loading/ldg_02_band_tip_art_b01_to_03.png,1920,1080
LDG-02,LDG,P1,generic,2d/art/loading/ldg_02_band_tip_art_b01_to_04.png,1920,1080
LDG-02,LDG,P1,generic,2d/art/loading/ldg_02_band_tip_art_b01_to_05.png,1920,1080
LDG-02,LDG,P1,generic,2d/art/loading/ldg_02_band_tip_art_b01_to_06.png,1920,1080
LDG-02,LDG,P1,generic,2d/art/loading/ldg_02_band_tip_art_b01_to_07.png,1920,1080
LDG-02,LDG,P1,generic,2d/art/loading/ldg_02_band_tip_art_b01_to_08.png,1920,1080
LDG-03,LDG,MVP,flipbook,2d/art/loading/ldg_03_loading_spinner_clean.png,768,128
LDG-04,LDG,P1,flipbook,2d/art/loading/ldg_04_loading_spinner_flesh.png,768,128
LDG-05,LDG,P1,nineslice,2d/art/loading/ldg_05_loading_tip_card.png,768,192
LDG-06,LDG,P1,nineslice,2d/art/loading/ldg_06_loading_progress_track.png,64,16
LDG-07,LDG,P2,generic,2d/art/loading/ldg_07_legal_rating_plate.png,512,128
TEX-B01-A / N / R,TEX,MVP,texture,3d/textures/shells/tex_B01_b01_surface_epithelium_pink_wet.png,2048,2048
TEX-B02-A / N / R,TEX,MVP,texture,3d/textures/shells/tex_B02_b02_dermal_stratum_yellow_fat.png,2048,2048
TEX-B03-A / N / R,TEX,P1,texture,3d/textures/shells/tex_B03_b03_fascia_sheet_white_fibrous.png,2048,2048
TEX-B04-A / N / R,TEX,P1,texture,3d/textures/shells/tex_B04_b04_muscle_sheath_dark_striated.png,2048,2048
TEX-B05-A / N / R,TEX,P1,texture,3d/textures/shells/tex_B05_b05_glandular_cluster_nodular_translucent.png,1024,1024
TEX-B06-A / N / R,TEX,P1,texture,3d/textures/shells/tex_B06_b06_nerve_braid_yellow_strand.png,2048,2048
TEX-B07-A / N / R,TEX,P1,texture,3d/textures/shells/tex_B07_b07_cavity_vault_near_black.png,1024,1024
TEX-B08-A / N / R,TEX,P1,texture,3d/textures/shells/tex_B08_b08_peristaltic_corridor_ridged_tube.png,2048,2048
TEX-101,TEX,MVP,texture,3d/textures/tissue/tex_101_muscle_fibre_detail.png,1024,1024
TEX-102,TEX,MVP,texture,3d/textures/tissue/tex_102_fat_lobe_detail.png,1024,1024
TEX-103,TEX,P1,texture,3d/textures/tissue/tex_103_fascia_sheet_detail.png,1024,1024
TEX-104,TEX,P1,texture,3d/textures/tissue/tex_104_glandular_sac_detail.png,1024,1024
TEX-105,TEX,P1,texture,3d/textures/tissue/tex_105_cartilage_plate_detail.png,1024,1024
TEX-106,TEX,MVP,texture,3d/textures/tissue/tex_106_nerve_cluster_detail.png,2048,2048
TEX-109,TEX,MVP,texture,3d/textures/tissue/tex_109_tumor_surface.png,1024,1024
TEX-110,TEX,MVP,texture,3d/textures/tissue/tex_110_tumor_surface_b.png,1024,1024
TEX-111,TEX,P1,texture,3d/textures/tissue/tex_111_tumor_surface_c.png,1024,1024
TEX-112,TEX,P1,texture,3d/textures/tissue/tex_112_mucosa_film.png,1024,1024
TEX-113,TEX,P1,texture,3d/textures/tissue/tex_113_shell_plate_detail.png,1024,1024
TEX-114,TEX,MVP,texture,3d/textures/tissue/tex_114_scar_tissue_lining.png,1024,1024
TEX-116,TEX,P2,texture,3d/textures/tissue/tex_116_vascular_detail_cosmetic_only.png,1024,1024
TEX-201,TEX,P1,texture,3d/textures/infra/tex_201_embedded_enamel_sign.png,1024,1024
TEX-206,TEX,P1,texture,3d/textures/infra/tex_206_garbled_tile_wall.png,1024,1024
TEX-207,TEX,P2,texture,3d/textures/infra/tex_207_caution_stripe.png,512,512
TEX-301,TEX,MVP,texture,3d/textures/utility/tex_301_noise_base_organic.png,1024,1024
TEX-302,TEX,P1,texture,3d/textures/utility/tex_302_flow_map_flesh.png,1024,1024
TEX-303,TEX,MVP,texture,3d/textures/utility/tex_303_grunge_mask.png,1024,1024
TEX-304,TEX,MVP,particle,2d/fx/tex_304_flesh_chunk_particle_01.png,128,128
TEX-304,TEX,MVP,particle,2d/fx/tex_304_flesh_chunk_particle_02.png,128,128
TEX-304,TEX,MVP,particle,2d/fx/tex_304_flesh_chunk_particle_03.png,128,128
TEX-304,TEX,MVP,particle,2d/fx/tex_304_flesh_chunk_particle_04.png,128,128
TEX-305,TEX,MVP,particle,2d/fx/tex_305_saliva_droplet.png,64,64
TEX-306,TEX,P1,particle,2d/fx/tex_306_mucus_strand.png,128,128
TEX-307,TEX,P1,particle,2d/fx/tex_307_spark_particle.png,64,64
TEX-308,TEX,P1,particle,2d/fx/tex_308_ambient_mote.png,32,32
TEX-314,TEX,MVP,texture,2d/fx/tex_314_wipe_gradient.png,256,256
TEX-315,TEX,MVP,texture,2d/fx/tex_315_glow_radial.png,256,256
VFX-01,VFX,MVP,flipbook,2d/fx/vfx_01_flesh_tear_burst_8f.png,2048,256
VFX-02,VFX,MVP,flipbook,2d/fx/vfx_02_chew_burst_6f.png,1536,256
VFX-03,VFX,MVP,flipbook,2d/fx/vfx_03_tearing_strand_10f.png,2560,256
VFX-04,VFX,P1,flipbook,2d/fx/vfx_04_saliva_arc_8f.png,1024,128
VFX-05,VFX,P1,flipbook,2d/fx/vfx_05_mucosal_splatter_12f.png,3072,256
VFX-07,VFX,MVP,flipbook,2d/fx/vfx_07_nerve_recoil_spark_6f.png,768,128
VFX-08,VFX,P1,flipbook,2d/fx/vfx_08_tumor_reveal_shimmer_12f.png,6144,512
VFX-09,VFX,MVP,flipbook,2d/fx/vfx_09_vomit_stream_24f.png,4608,384
VFX-10,VFX,MVP,flipbook,2d/fx/vfx_10_toilet_flush_swirl_16f.png,2048,128
VFX-16,VFX,P1,flipbook,2d/fx/vfx_16_digest_bubbles_12f.png,1536,128
VFX-19,VFX,P1,flipbook,2d/fx/vfx_19_ambient_drip_6f.png,384,128
VFX-20,VFX,P1,flipbook,2d/fx/vfx_20_flesh_heal_flash_8f.png,2048,256
BRD-01,BRD,MVP,logo,2d/brand/brd_01_logo_lockup.png,2048,512
BRD-02,BRD,MVP,logo,2d/brand/brd_02_wordmark_only.png,2048,512
BRD-03,BRD,MVP,keyart,2d/brand/brd_03_app_icon.png,512,512
BRD-04,BRD,MVP,keyart,2d/brand/brd_04_key_art_main.png,1920,1080
BRD-05,BRD,P1,keyart,2d/brand/brd_05_key_art_close_up.png,1920,1080
BRD-06,BRD,P1,keyart,2d/brand/brd_06_key_art_contrast.png,1920,1080
BRD-07,BRD,MVP,capsule,2d/brand/brd_07_capsule_main_1232x706.png,1232,706
BRD-08,BRD,MVP,capsule,2d/brand/brd_08_capsule_small_462x174.png,462,174
BRD-09,BRD,MVP,capsule,2d/brand/brd_09_capsule_vertical_600x900.png,600,900
BRD-10,BRD,MVP,capsule,2d/brand/brd_10_header_460x215.png,460,215
BRD-11,BRD,P1,capsule,2d/brand/brd_11_library_hero_3840x1240.png,1920,620
BRD-12,BRD,P1,capsule,2d/brand/brd_12_page_background_1438x810.png,1438,810
BRD-13,BRD,P1,nineslice,2d/brand/brd_13_screenshot_frame_clean.png,1920,1080
BRD-14,BRD,P1,nineslice,2d/brand/brd_14_screenshot_frame_caption_bar.png,1920,120
BRD-15,BRD,P1,achievement,2d/brand/brd_15_achievement_first_bite.png,128,128
BRD-16,BRD,P1,achievement,2d/brand/brd_16_achievement_first_return.png,128,128
BRD-17,BRD,P1,achievement,2d/brand/brd_17_achievement_first_mutation.png,128,128
BRD-18,BRD,P1,achievement,2d/brand/brd_18_achievement_1000_m.png,128,128
BRD-19,BRD,P1,achievement,2d/brand/brd_19_achievement_codex_complete.png,128,128
BRD-20,BRD,P1,achievement,2d/brand/brd_20_achievement_nerve_first_touch.png,128,128
BRD-21,BRD,P1,achievement,2d/brand/brd_21_achievement_belongings_recovered.png,128,128
BRD-22,BRD,P1,achievement,2d/brand/brd_22_achievement_deepest_band.png,128,128
BRD-23,BRD,P2,keyart,2d/brand/brd_23_trailer_end_card.png,960,540
BRD-24,BRD,P2,logo,2d/brand/brd_24_press_kit_logo_on_transparent_01.png,2048,512
BRD-24,BRD,P2,logo,2d/brand/brd_24_press_kit_logo_on_transparent_02.png,2048,512
BRD-25,BRD,P2,logo,2d/brand/brd_25_favicon.png,64,64
BRD-26,BRD,P2,nineslice,2d/brand/brd_26_stream_overlay_frame.png,1920,1080
ACC-01,ACC,P1,atlas,2d/ui/acc/acc_01_colour_blind_safe_icon_atlas.png,1280,256
ACC-02,ACC,P1,atlas,2d/ui/acc/acc_02_high_contrast_nerve_icon_set_128.png,128,128
ACC-02,ACC,P1,atlas,2d/ui/acc/acc_02_high_contrast_nerve_icon_set_64.png,64,64
ACC-02,ACC,P1,atlas,2d/ui/acc/acc_02_high_contrast_nerve_icon_set_32.png,32,32
ACC-03,ACC,P1,vignette,2d/ui/acc/acc_03_reduced_motion_shake_replacement.png,1024,1024
ACC-04,ACC,P1,vignette,2d/ui/acc/acc_04_reduced_motion_flash_removal_01.png,1024,1024
ACC-04,ACC,P1,vignette,2d/ui/acc/acc_04_reduced_motion_flash_removal_02.png,1024,1024
ACC-04,ACC,P1,vignette,2d/ui/acc/acc_04_reduced_motion_flash_removal_03.png,1024,1024
ACC-04,ACC,P1,vignette,2d/ui/acc/acc_04_reduced_motion_flash_removal_04.png,1024,1024
ACC-05,ACC,P1,flipbook,2d/ui/acc/acc_05_low_amplitude_heartbeat.png,6144,1024
ACC-06,ACC,P1,generic,2d/ui/acc/acc_06_ui_scale_125_exports.png,1280,1280
ACC-07,ACC,P2,generic,2d/ui/acc/acc_07_ui_scale_150_exports.png,1536,1536
ACC-08,ACC,P1,generic,2d/ui/acc/acc_08_localisation_safe_text_plates.png,1024,256
ACC-09,ACC,P2,generic,2d/ui/acc/acc_09_subtitle_plate.png,1024,128
ACC-10,ACC,P1,icon,2d/ui/acc/acc_10_focus_selection_ring.png,64,64
ACC-11,ACC,P2,nineslice,2d/ui/acc/acc_11_high_contrast_ui_frame_set_01.png,1024,1024
ACC-11,ACC,P2,nineslice,2d/ui/acc/acc_11_high_contrast_ui_frame_set_02.png,1024,1024
ACC-11,ACC,P2,nineslice,2d/ui/acc/acc_11_high_contrast_ui_frame_set_03.png,1024,1024
ACC-11,ACC,P2,nineslice,2d/ui/acc/acc_11_high_contrast_ui_frame_set_04.png,1024,1024
ACC-11,ACC,P2,nineslice,2d/ui/acc/acc_11_high_contrast_ui_frame_set_05.png,1024,1024
ACC-11,ACC,P2,nineslice,2d/ui/acc/acc_11_high_contrast_ui_frame_set_06.png,1024,1024
ACC-12,ACC,P2,generic,2d/ui/acc/acc_12_low_resolution_fallback_set_1024.png,1024,1024
ACC-12,ACC,P2,generic,2d/ui/acc/acc_12_low_resolution_fallback_set_512.png,512,512
